{
  "run_id": "20260619T051949Z",
  "git_sha": "32985f8",
  "n_cases": 205,
  "n_errors": 0,
  "n_blocked_upstream": 58,
  "overall_pass_rate": 0.28292682926829266,
  "overall_verdict": "FAIL",
  "axes": [
    {
      "axis": "A1",
      "n": 5,
      "pass_rate": 0.2,
      "p50_latency_ms": 1120.9,
      "p95_latency_ms": 6662.5,
      "failed_case_ids": [
        "case_1_30_day_claim",
        "case_2_used_hygiene_non_returnable",
        "case_3_serial_refunder_fraud",
        "case_4_above_cap_interrupt"
      ],
      "threshold": 0.95,
      "threshold_passed": false
    },
    {
      "axis": "A3",
      "n": 75,
      "pass_rate": 0.3466666666666667,
      "p50_latency_ms": 6795.6,
      "p95_latency_ms": 17068.3,
      "failed_case_ids": [
        "C1b-002",
        "C1b-003",
        "C1b-004",
        "C1b-005",
        "C1b-007",
        "C1b-008",
        "C1b-009",
        "C1c-002",
        "C1c-003",
        "C1c-004",
        "C1c-006",
        "C1c-007",
        "C1c-008",
        "C1e-002",
        "C1e-003",
        "C1e-004",
        "C1e-005",
        "C3a-001",
        "C3a-002",
        "C3a-003",
        "C3a-004",
        "C3a-005",
        "C3a-006",
        "C3a-007",
        "C3a-008",
        "C3a-009",
        "C3b-001",
        "C3b-002",
        "C3b-003",
        "C3b-004",
        "C3b-005",
        "C3b-006",
        "C3b-007",
        "C3b-008",
        "C3b-009",
        "C3c-002",
        "C3c-003",
        "C3c-004",
        "C3c-005",
        "C3c-006",
        "C3c-007",
        "C3c-008",
        "C3c-009",
        "C3d-001",
        "C3d-002",
        "C3d-003",
        "C3d-004",
        "C3d-005",
        "C3d-006"
      ],
      "threshold": 0.98,
      "threshold_passed": false
    },
    {
      "axis": "A4",
      "n": 59,
      "pass_rate": 0.5254237288135594,
      "p50_latency_ms": 3280.4,
      "p95_latency_ms": 13490.5,
      "failed_case_ids": [
        "C2a-002",
        "C2a-007",
        "C2a-008",
        "C2a-009",
        "C2c-001",
        "C2c-002",
        "C2c-003",
        "C2c-004",
        "C2c-006",
        "C2c-007",
        "C2c-009",
        "C2d-003",
        "C2d-005",
        "C4a-005",
        "C4a-008",
        "C4a-009",
        "C4b-001",
        "C4b-002",
        "C4b-003",
        "C4b-004",
        "C4b-005",
        "C4b-006",
        "C4b-007",
        "C4b-008",
        "C4b-009",
        "C4c-003",
        "C4c-006",
        "C4c-007"
      ],
      "threshold": 0.98,
      "threshold_passed": false
    },
    {
      "axis": "A5",
      "n": 33,
      "pass_rate": 0.0,
      "p50_latency_ms": 7489.4,
      "p95_latency_ms": 16826.2,
      "failed_case_ids": [
        "C5a-001",
        "C5a-002",
        "C5a-003",
        "C5a-004",
        "C5a-005",
        "C5a-006",
        "C5a-007",
        "C5a-008",
        "C5a-009",
        "C5b-001",
        "C5b-002",
        "C5b-003",
        "C5b-004",
        "C5b-005",
        "C5b-006",
        "C5b-007",
        "C5b-008",
        "C5b-009",
        "C5c-001",
        "C5c-002",
        "C5c-003",
        "C5c-004",
        "C5c-005",
        "C5c-006",
        "C5c-007",
        "C5c-008",
        "C5c-009",
        "C5d-001",
        "C5d-002",
        "C5d-003",
        "C5d-004",
        "C5d-005",
        "C5d-006"
      ],
      "threshold": 0.95,
      "threshold_passed": false
    },
    {
      "axis": "A6",
      "n": 33,
      "pass_rate": 0.0,
      "p50_latency_ms": 14524.4,
      "p95_latency_ms": 19004.7,
      "failed_case_ids": [
        "C6a-001",
        "C6a-002",
        "C6a-003",
        "C6a-004",
        "C6a-005",
        "C6a-006",
        "C6a-007",
        "C6a-008",
        "C6a-009",
        "C6b-001",
        "C6b-002",
        "C6b-003",
        "C6b-004",
        "C6b-005",
        "C6b-006",
        "C6b-007",
        "C6b-008",
        "C6b-009",
        "C6c-001",
        "C6c-002",
        "C6c-003",
        "C6c-004",
        "C6c-005",
        "C6c-006",
        "C6c-007",
        "C6c-008",
        "C6c-009",
        "C6d-001",
        "C6d-002",
        "C6d-003",
        "C6d-004",
        "C6d-005",
        "C6d-006"
      ],
      "threshold": 0.85,
      "threshold_passed": false
    }
  ],
  "categories": {
    "C1": {
      "axis": "C1",
      "n": 42,
      "pass_rate": 0.5952380952380952,
      "p50_latency_ms": 3799.3,
      "p95_latency_ms": 17076.1,
      "failed_case_ids": [
        "C1b-002",
        "C1b-003",
        "C1b-004",
        "C1b-005",
        "C1b-007",
        "C1b-008",
        "C1b-009",
        "C1c-002",
        "C1c-003",
        "C1c-004",
        "C1c-006",
        "C1c-007",
        "C1c-008",
        "C1e-002",
        "C1e-003",
        "C1e-004",
        "C1e-005"
      ],
      "threshold": 0.0,
      "threshold_passed": true
    },
    "C2": {
      "axis": "C2",
      "n": 34,
      "pass_rate": 0.6176470588235294,
      "p50_latency_ms": 2432.9,
      "p95_latency_ms": 11742.3,
      "failed_case_ids": [
        "C2a-002",
        "C2a-007",
        "C2a-008",
        "C2a-009",
        "C2c-001",
        "C2c-002",
        "C2c-003",
        "C2c-004",
        "C2c-006",
        "C2c-007",
        "C2c-009",
        "C2d-003",
        "C2d-005"
      ],
      "threshold": 0.0,
      "threshold_passed": true
    },
    "C3": {
      "axis": "C3",
      "n": 33,
      "pass_rate": 0.030303030303030304,
      "p50_latency_ms": 8401.9,
      "p95_latency_ms": 16696.2,
      "failed_case_ids": [
        "C3a-001",
        "C3a-002",
        "C3a-003",
        "C3a-004",
        "C3a-005",
        "C3a-006",
        "C3a-007",
        "C3a-008",
        "C3a-009",
        "C3b-001",
        "C3b-002",
        "C3b-003",
        "C3b-004",
        "C3b-005",
        "C3b-006",
        "C3b-007",
        "C3b-008",
        "C3b-009",
        "C3c-002",
        "C3c-003",
        "C3c-004",
        "C3c-005",
        "C3c-006",
        "C3c-007",
        "C3c-008",
        "C3c-009",
        "C3d-001",
        "C3d-002",
        "C3d-003",
        "C3d-004",
        "C3d-005",
        "C3d-006"
      ],
      "threshold": 0.0,
      "threshold_passed": true
    },
    "C4": {
      "axis": "C4",
      "n": 25,
      "pass_rate": 0.4,
      "p50_latency_ms": 5093.0,
      "p95_latency_ms": 13490.5,
      "failed_case_ids": [
        "C4a-005",
        "C4a-008",
        "C4a-009",
        "C4b-001",
        "C4b-002",
        "C4b-003",
        "C4b-004",
        "C4b-005",
        "C4b-006",
        "C4b-007",
        "C4b-008",
        "C4b-009",
        "C4c-003",
        "C4c-006",
        "C4c-007"
      ],
      "threshold": 0.0,
      "threshold_passed": true
    },
    "C5": {
      "axis": "C5",
      "n": 33,
      "pass_rate": 0.0,
      "p50_latency_ms": 7489.4,
      "p95_latency_ms": 16826.2,
      "failed_case_ids": [
        "C5a-001",
        "C5a-002",
        "C5a-003",
        "C5a-004",
        "C5a-005",
        "C5a-006",
        "C5a-007",
        "C5a-008",
        "C5a-009",
        "C5b-001",
        "C5b-002",
        "C5b-003",
        "C5b-004",
        "C5b-005",
        "C5b-006",
        "C5b-007",
        "C5b-008",
        "C5b-009",
        "C5c-001",
        "C5c-002",
        "C5c-003",
        "C5c-004",
        "C5c-005",
        "C5c-006",
        "C5c-007",
        "C5c-008",
        "C5c-009",
        "C5d-001",
        "C5d-002",
        "C5d-003",
        "C5d-004",
        "C5d-005",
        "C5d-006"
      ],
      "threshold": 0.0,
      "threshold_passed": true
    },
    "C6": {
      "axis": "C6",
      "n": 33,
      "pass_rate": 0.0,
      "p50_latency_ms": 14524.4,
      "p95_latency_ms": 19004.7,